USERNAME,TWEET,TIME
tasleemm_,Ohayo!,2022-09-05 06:44:45+00:00
ZainabORaji,RT @gaialect: IS IT ME OR IS THE PMS STRONGER THIS MONTH,2022-09-05 06:42:03+00:00
Royaletemi,"RT @thekonnectbrand: Keep improving!!
Have a wonderful week ahead, digital marketers. We're rooting for you.

#MondayMotivaton #thekonnectb‚Ä¶",2022-09-05 06:39:37+00:00
laoluuuu,Once again,2022-09-05 06:37:57+00:00
jamzy_saint,"RT @SisiOniDukia: *üîÜOUTSTANDINGLY FINISHED 5 BED FULLY DETACHED LUXURY HOME WITH CINEMA, SWIMMING POOL AND ROOFTOP TERRACEüîÜ*

- Pretty Dece‚Ä¶",2022-09-05 06:35:55+00:00
jamzy_saint,"RT @SisiOniDukia: - Beautifully Crafted Fully Fitted Kitchen
- Stamp Concrete Floor
- CCTV Surveillance 
- Modern Tech Car Port
- Green Are‚Ä¶",2022-09-05 06:35:51+00:00
jamzy_saint,"RT @SisiOniDukia: - Great Neighbourhood 

*LOCATION:*üìçLekki County, LEKKI

*PRICE:* 290m https://t.co/rifcfDwXrs",2022-09-05 06:35:49+00:00
akin_boboola,The air that I breathe https://t.co/EqOwSwEEEI,2022-09-05 06:34:59+00:00
kot_that,"RT @7signxx: 10 Companions who were promised Paradise.

May Allah grant us the privilege of being neighbors with them in Jannah üôè https://t‚Ä¶",2022-09-05 06:34:12+00:00
YShileola,Awwwwwü•∞ü•∞ü•∞ü•∞‚Ä¶.my boyyyyyyy‚ù§Ô∏è‚ù§Ô∏è‚ù§Ô∏è‚ù§Ô∏è‚ù§Ô∏è‚ù§Ô∏è‚ù§Ô∏è‚ù§Ô∏è‚ù§Ô∏è‚ù§Ô∏è https://t.co/qIR95MC0zX,2022-09-05 06:32:43+00:00
kot_that,"RT @7signxx: A List of Haraam Earrings.

THREAD https://t.co/Zxrdi3Delh",2022-09-05 06:32:42+00:00
Momoreoluwaa,RT @Just__Halal: Malik after seeing TG Omori sitting beside Ayra Starr: https://t.co/m0ZFwaP8Gw,2022-09-05 06:32:35+00:00
Momoreoluwaa,RT @boy_director: Boy era. https://t.co/y9gMAbWkDt,2022-09-05 06:32:24+00:00
akin_boboola,This week shall yield huge success loruku Jesu ü§≤,2022-09-05 06:32:23+00:00
_badamosi,"RT @lola_mewu: Gm ü•∞ü•∞ü•∞
Day 4 

Happy Sunday üòå
It‚Äôs officially my birthday week and I‚Äôm elated, also my mums birthday is tomorrow too üòåü§≠ http‚Ä¶",2022-09-05 06:31:27+00:00
_badamosi,"RT @Tuyi_lope: Lord 
I need 1/1 sales || Big wins on
@opensea @foundation @objktcom https://t.co/IKhB1NbRSX",2022-09-05 06:31:23+00:00
SuperSportTV,üèåÔ∏è‚Äç‚ôÇÔ∏è Dustin Johnson rammed home a 35-foot eagle putt on the first playoff hole to win the #LIVGolf Invitational Bo‚Ä¶ https://t.co/fRUqGaczvn,2022-09-05 06:30:00+00:00
Royaletemi,RT @PastorEAAdeboye: Thank God for the Name and the Blood of Jesus.,2022-09-05 06:28:57+00:00
Momoreoluwaa,RT @UTDTrey: RT to wish an Arsenal fan a Good morning. https://t.co/HzJstvfod9,2022-09-05 06:28:22+00:00
Momoreoluwaa,"RT @_AsiwajuLerry: Tunde Ednut, one of Wizkid‚Äôs biggest haters, presenting Wizkid and Tems‚Äô second Headies award tonight is a fvcking POETR‚Ä¶",2022-09-05 06:27:43+00:00
